{
    "cube5_cluster0": 1658.8,
    "cube11_cluster0": 1669.25,
    "cube19_cluster0": 1643.6666666666667,
    "cube20_cluster0": 1589.0,
    "cube21_cluster0": 1650.0,
    "cube30_cluster0": 1665.25,
    "cube37_cluster0": 1670.0,
    "cube47_cluster0": 1663.6666666666667,
    "cube48_cluster0": 1638.0,
    "cube49_cluster0": 1657.1666666666667,
    "cube50_cluster0": 1664.75,
    "cube54_cluster0": 1673.0,
    "cube55_cluster0": 1673.5,
    "cube57_cluster0": 1672.4,
    "cube58_cluster0": 1656.6,
    "cube59_cluster0": 1661.2,
    "cube60_cluster0": 1670.5,
    "cube61_cluster0": 1671.5,
    "cube66_cluster0": 1651.2,
    "cube67_cluster0": 1677.0,
    "cube68_cluster0": 1658.0,
    "cube69_cluster0": 1658.75,
    "cube70_cluster0": 1653.6666666666667,
    "cube71_cluster0": 1669.0,
    "cube72_cluster0": 1680.0,
    "cube77_cluster0": 1672.375,
    "cube78_cluster0": 1672.7142857142858,
    "cube79_cluster0": 1672.0,
    "cube80_cluster0": 1651.75,
    "cube81_cluster0": 1650.0,
    "cube82_cluster0": 1670.6,
    "cube87_cluster0": 1674.3333333333333,
    "cube89_cluster0": 1666.1666666666667,
    "cube91_cluster0": 1647.0,
    "cube97_cluster0": 1677.0,
    "cube98_cluster0": 1661.3333333333333,
    "cube108_cluster0": 1677.3333333333333
}