{
    "cube4_cluster0": 1678.0,
    "cube5_cluster0": 1653.6666666666667,
    "cube13_cluster0": 1630.6666666666667,
    "cube17_cluster0": 1676.0,
    "cube18_cluster0": 1693.0,
    "cube19_cluster0": 1612.2,
    "cube20_cluster0": 1644.5454545454545,
    "cube21_cluster0": 1653.1176470588234,
    "cube22_cluster0": 1664.75,
    "cube26_cluster0": 1658.857142857143,
    "cube27_cluster0": 1653.2631578947369,
    "cube28_cluster0": 1647.0,
    "cube29_cluster0": 1660.9166666666667,
    "cube30_cluster0": 1605.25,
    "cube31_cluster0": 1615.0,
    "cube32_cluster0": 1619.6666666666667,
    "cube33_cluster0": 1608.6,
    "cube34_cluster0": 1642.4545454545455,
    "cube34_cluster1": 1666.6666666666667,
    "cube35_cluster0": 1637.0,
    "cube41_cluster0": 1670.375,
    "cube42_cluster0": 1653.923076923077,
    "cube43_cluster0": 1652.7272727272727,
    "cube44_cluster0": 1671.3333333333333,
    "cube45_cluster0": 1672.3333333333333,
    "cube46_cluster0": 1639.909090909091,
    "cube47_cluster0": 1645.6666666666667,
    "cube48_cluster0": 1639.952380952381,
    "cube48_cluster1": 1688.0,
    "cube49_cluster0": 1635.45,
    "cube50_cluster0": 1546.25,
    "cube50_cluster1": 1617.6666666666667,
    "cube54_cluster0": 1675.142857142857,
    "cube55_cluster0": 1630.0,
    "cube56_cluster0": 1631.5384615384614,
    "cube57_cluster0": 1640.1666666666667,
    "cube58_cluster0": 1651.076923076923,
    "cube59_cluster0": 1640.155172413793,
    "cube60_cluster0": 1644.02,
    "cube61_cluster0": 1642.6,
    "cube62_cluster0": 1652.0,
    "cube63_cluster0": 1636.8,
    "cube66_cluster0": 1615.0,
    "cube67_cluster0": 1612.5,
    "cube68_cluster0": 1641.1538461538462,
    "cube69_cluster0": 1647.857142857143,
    "cube70_cluster0": 1641.0,
    "cube71_cluster0": 1646.9354838709678,
    "cube72_cluster0": 1639.3823529411766,
    "cube73_cluster0": 1632.787234042553,
    "cube74_cluster0": 1626.3478260869565,
    "cube75_cluster0": 1648.3333333333333,
    "cube79_cluster0": 1656.142857142857,
    "cube80_cluster0": 1672.7777777777778,
    "cube81_cluster0": 1676.3333333333333,
    "cube82_cluster0": 1661.2903225806451,
    "cube83_cluster0": 1652.1025641025642,
    "cube84_cluster0": 1646.2115384615386,
    "cube85_cluster0": 1640.1052631578948,
    "cube86_cluster0": 1646.9,
    "cube88_cluster0": 1633.3333333333333,
    "cube91_cluster0": 1673.3333333333333,
    "cube92_cluster0": 1666.142857142857,
    "cube93_cluster0": 1660.421052631579,
    "cube94_cluster0": 1658.44,
    "cube95_cluster0": 1660.7755102040817,
    "cube96_cluster0": 1656.725806451613,
    "cube97_cluster0": 1643.6206896551723,
    "cube98_cluster0": 1657.4634146341464,
    "cube99_cluster0": 1646.962962962963,
    "cube100_cluster0": 1636.111111111111,
    "cube105_cluster0": 1676.0,
    "cube106_cluster0": 1677.1,
    "cube107_cluster0": 1665.909090909091,
    "cube108_cluster0": 1658.9574468085107,
    "cube109_cluster0": 1659.6444444444444,
    "cube109_cluster1": 1683.6666666666667,
    "cube110_cluster0": 1644.48,
    "cube111_cluster0": 1662.65625,
    "cube112_cluster0": 1652.375,
    "cube113_cluster0": 1627.0,
    "cube120_cluster0": 1682.0,
    "cube121_cluster0": 1669.8181818181818,
    "cube122_cluster0": 1660.4117647058824,
    "cube123_cluster0": 1657.060606060606,
    "cube124_cluster0": 1656.4285714285713,
    "cube125_cluster0": 1650.8157894736842,
    "cube126_cluster0": 1655.75,
    "cube127_cluster0": 1644.25,
    "cube128_cluster0": 1643.6666666666667,
    "cube133_cluster0": 1678.6666666666667,
    "cube134_cluster0": 1696.0,
    "cube135_cluster0": 1673.1666666666667,
    "cube136_cluster0": 1675.5714285714287,
    "cube137_cluster0": 1664.2,
    "cube138_cluster0": 1664.1764705882354,
    "cube139_cluster0": 1665.0689655172414,
    "cube140_cluster0": 1673.7777777777778,
    "cube140_cluster1": 1644.0,
    "cube141_cluster0": 1660.0,
    "cube148_cluster0": 1675.0,
    "cube149_cluster0": 1678.6666666666667,
    "cube150_cluster0": 1671.25,
    "cube151_cluster0": 1665.75,
    "cube152_cluster0": 1663.25,
    "cube153_cluster0": 1659.25,
    "cube154_cluster0": 1678.0,
    "cube161_cluster0": 1695.5,
    "cube162_cluster0": 1684.75,
    "cube163_cluster0": 1684.5,
    "cube165_cluster0": 1682.6666666666667,
    "cube173_cluster0": 1669.0
}